Date,ID,Q_1,Q_2,Q_3,Q_4,Q_5,Q_6,Q_7,Q_8,Q_9,Q_10
05/10/2024,1,4,1,4,2,3,4,4,3,4,2
05/10/2024,2,4,3,3,4,1,3,4,4,5,2
05/10/2024,3,4,2,4,4,3,2,3,1,2,3
05/10/2024,4,4,2,4,4,2,5,3,3,3,5
05/10/2024,5,2,4,3,3,3,3,4,4,1,2
05/10/2024,6,4,4,5,3,4,2,3,4,3,4
05/10/2024,7,4,3,3,2,2,2,4,2,4,3
05/10/2024,8,4,3,3,5,4,2,5,4,4,2
05/10/2024,9,3,3,4,2,2,3,3,3,4,4
05/10/2024,10,3,2,4,3,2,5,2,2,4,3
05/10/2024,11,4,3,2,4,3,5,3,4,3,4
05/10/2024,12,2,5,2,5,5,3,4,2,5,2
05/10/2024,13,2,3,3,3,2,4,3,5,3,2
05/10/2024,14,3,3,4,4,2,2,1,4,2,2
05/10/2024,15,3,1,3,3,3,2,3,4,2,2
05/10/2024,16,3,3,4,1,1,3,4,4,4,4
05/10/2024,17,2,1,1,1,4,4,3,4,3,4
05/10/2024,18,5,3,3,3,4,5,4,5,1,3
05/10/2024,19,3,5,4,4,2,2,2,3,4,3
05/10/2024,20,4,4,3,2,3,4,1,3,4,3
05/10/2024,21,3,4,5,5,3,2,2,3,2,4
05/10/2024,22,2,5,4,2,3,3,5,5,2,3
05/10/2024,23,2,3,2,5,4,2,5,3,2,4
05/10/2024,24,3,2,1,3,4,2,4,3,2,4
05/10/2024,25,2,3,5,3,2,3,2,2,3,3
05/10/2024,26,2,2,3,2,3,5,3,3,2,3
05/10/2024,27,2,3,2,3,2,4,3,3,3,3
05/10/2024,28,2,5,2,4,1,2,3,3,3,2
05/10/2024,29,3,3,2,4,3,1,5,3,1,3
05/10/2024,30,5,2,4,2,4,2,3,3,5,4
05/10/2024,31,1,5,4,4,3,2,2,3,3,3
05/10/2024,32,1,3,3,4,3,4,4,4,3,2
05/10/2024,33,2,3,3,3,4,2,3,3,3,2
05/10/2024,34,4,3,3,2,4,3,3,5,3,1
05/10/2024,35,2,2,4,3,2,4,3,3,4,5
05/10/2024,36,1,3,3,3,3,2,2,3,4,1
05/10/2024,37,4,2,4,4,2,4,4,4,3,4
05/10/2024,38,2,3,3,2,2,4,5,2,2,4
05/10/2024,39,3,3,5,1,4,3,5,1,1,3
05/10/2024,40,2,1,3,3,2,4,3,2,3,4
05/10/2024,41,3,5,5,3,4,3,1,3,4,4
05/10/2024,42,4,3,3,2,4,2,3,2,3,3
05/10/2024,43,2,4,2,4,4,1,3,2,3,5
05/10/2024,44,3,3,1,4,2,2,3,4,2,2
05/10/2024,45,3,4,3,4,2,3,2,3,4,3
05/10/2024,46,4,3,2,4,2,5,3,2,1,1
05/10/2024,47,3,2,1,3,2,4,4,3,4,4
05/10/2024,48,3,1,3,3,4,4,2,3,3,2
05/10/2024,49,2,4,4,3,3,4,3,2,3,4
05/10/2024,50,3,3,2,3,2,4,3,3,2,2
05/10/2024,51,4,4,2,4,4,4,3,3,3,2
05/10/2024,52,4,3,3,4,3,3,4,3,3,3
05/10/2024,53,2,3,4,3,2,4,2,4,3,2
05/10/2024,54,4,4,2,4,3,3,2,4,3,4
05/10/2024,55,4,2,2,4,2,3,2,2,3,3
05/10/2024,56,2,5,4,3,2,5,2,4,4,1
05/10/2024,57,3,3,3,4,2,2,4,5,3,3
05/10/2024,58,3,5,2,3,4,4,4,4,3,3
05/10/2024,59,3,3,2,3,2,4,2,2,3,5
05/10/2024,60,2,4,4,3,2,3,4,3,4,3
05/10/2024,61,3,3,3,2,5,1,3,2,4,3
05/10/2024,62,3,3,3,2,4,4,2,1,2,4
05/10/2024,63,5,4,3,3,4,4,3,2,4,3
05/10/2024,64,5,3,3,4,3,2,3,2,2,3
05/10/2024,65,3,1,3,2,5,2,3,1,5,2
05/10/2024,66,3,3,4,3,3,4,3,4,3,3
05/10/2024,67,3,5,4,3,2,4,3,2,3,3
05/10/2024,68,2,4,3,3,3,3,3,2,3,3
05/10/2024,69,4,2,2,4,4,2,3,3,3,4
05/10/2024,70,4,3,2,4,3,3,2,3,3,4
05/10/2024,71,3,2,2,2,5,1,2,4,5,4
05/10/2024,72,2,3,2,4,2,4,3,3,3,3
05/10/2024,73,2,4,3,3,3,2,3,2,2,3
05/10/2024,74,4,2,3,4,3,5,2,3,2,2
05/10/2024,75,2,2,2,3,3,3,3,2,2,4
05/10/2024,76,3,3,4,5,2,3,2,2,2,3
05/10/2024,77,2,4,4,4,2,2,3,3,4,4
05/10/2024,78,4,1,4,2,3,2,2,3,2,5
05/10/2024,79,2,4,4,3,5,3,1,3,4,2
05/10/2024,80,4,4,3,3,2,4,4,2,3,1
05/10/2024,81,3,3,3,4,4,4,2,1,4,3
05/10/2024,82,4,3,3,5,3,3,2,5,3,2
05/10/2024,83,3,4,4,2,3,3,3,1,2,5
05/10/2024,84,3,3,3,3,4,3,2,3,4,3
05/10/2024,85,1,3,1,4,2,4,3,2,2,3
05/10/2024,86,2,3,3,3,2,1,2,3,1,5
05/10/2024,87,1,3,5,5,1,2,5,3,5,1
05/10/2024,88,5,3,3,4,3,2,3,3,2,3
05/10/2024,89,3,2,3,3,4,3,4,3,5,3
05/10/2024,90,4,5,3,3,4,3,5,4,2,4
05/10/2024,91,4,3,5,4,4,4,3,3,3,4
05/10/2024,92,1,2,4,2,3,3,4,3,3,3
05/10/2024,93,2,2,3,4,3,2,2,2,3,2
05/10/2024,94,4,2,3,2,5,4,5,2,3,4
05/10/2024,95,2,4,2,3,4,3,3,3,1,3
05/10/2024,96,3,3,2,3,3,2,3,1,4,3
05/10/2024,97,3,3,3,4,2,1,5,3,4,4
05/10/2024,98,3,4,3,4,2,3,2,4,3,1
05/10/2024,99,3,2,2,2,2,1,5,3,3,3
05/10/2024,100,2,3,2,2,3,3,1,4,3,3
05/10/2024,101,5,4,3,3,4,4,4,3,3,3
05/10/2024,102,2,4,5,4,3,5,3,3,2,2
05/10/2024,103,1,3,3,3,4,2,4,2,2,4
05/10/2024,104,4,2,3,3,1,2,3,3,2,2
05/10/2024,105,3,2,3,4,2,3,2,3,2,3
05/10/2024,106,2,1,3,3,3,3,3,4,3,2
05/10/2024,107,3,2,4,3,3,2,4,3,2,3
05/10/2024,108,5,4,3,5,3,3,4,3,5,3
05/10/2024,109,4,5,4,2,3,2,2,4,3,4
05/10/2024,110,4,3,1,5,2,3,4,2,4,3
05/10/2024,111,4,4,4,5,2,2,1,3,5,3
05/10/2024,112,3,2,3,5,4,5,4,4,2,1
05/10/2024,113,4,3,1,3,2,4,1,4,2,3
05/10/2024,114,2,3,1,3,4,2,4,4,3,2
05/10/2024,115,2,4,2,2,2,1,3,3,4,1
05/10/2024,116,3,3,2,1,2,4,3,3,4,2
05/10/2024,117,3,4,3,5,2,2,1,4,4,4
05/10/2024,118,1,4,2,3,3,5,4,1,5,2
05/10/2024,119,5,3,3,3,3,3,4,4,3,5
05/10/2024,120,4,4,4,5,3,1,4,4,3,4
05/10/2024,121,4,3,5,2,3,3,2,3,2,3
05/10/2024,122,4,1,4,3,3,2,3,3,2,2
05/10/2024,123,3,2,3,2,3,4,3,3,3,3
05/10/2024,124,3,3,4,4,2,2,5,4,5,4
05/10/2024,125,4,2,1,3,3,3,4,3,3,4
05/10/2024,126,4,3,3,5,2,2,4,4,4,3
05/10/2024,127,5,4,3,3,4,2,4,3,1,2
05/10/2024,128,5,2,2,2,1,4,3,3,4,3
05/10/2024,129,3,3,4,2,2,1,3,2,4,3
05/10/2024,130,4,3,3,3,3,2,1,2,3,2
05/10/2024,131,5,2,3,5,4,3,4,4,2,2
05/10/2024,132,2,3,3,3,2,1,4,2,3,3
05/10/2024,133,3,4,3,3,3,3,4,2,4,3
05/10/2024,134,4,3,2,2,3,2,2,2,4,4
05/10/2024,135,2,3,2,2,2,3,3,4,4,1
05/10/2024,136,2,2,1,3,2,4,3,5,4,3
05/10/2024,137,3,4,3,5,2,4,4,3,5,2
05/10/2024,138,3,3,3,3,4,4,5,4,2,3
05/10/2024,139,3,3,5,3,3,2,1,3,3,3
05/10/2024,140,4,4,2,4,3,2,1,3,5,3
05/10/2024,141,3,1,3,3,3,3,5,3,3,4
05/10/2024,142,2,3,3,3,2,4,4,3,2,3
05/10/2024,143,3,3,3,3,1,3,5,2,4,2
05/10/2024,144,2,3,1,4,2,3,4,4,3,3
05/10/2024,145,3,1,1,1,2,4,3,4,4,1
05/10/2024,146,5,4,3,3,3,4,3,3,3,5
05/10/2024,147,5,4,4,4,4,5,3,4,3,2
05/10/2024,148,3,4,4,2,3,1,4,3,3,5
05/10/2024,149,2,2,3,2,3,4,4,4,2,2
05/10/2024,150,3,3,5,1,2,4,3,2,5,1
05/10/2024,151,3,3,3,3,3,4,4,2,5,2
05/10/2024,152,3,3,4,4,3,4,5,2,2,3
05/10/2024,153,4,3,2,3,4,4,3,3,5,3
05/10/2024,154,4,5,1,3,2,2,2,3,3,3
05/10/2024,155,2,2,4,3,5,2,4,2,2,3
05/10/2024,156,4,4,2,2,3,5,4,5,4,4
05/10/2024,157,2,3,3,3,2,5,3,2,2,3
05/10/2024,158,3,2,2,3,2,1,2,2,4,4
05/10/2024,159,3,5,2,1,4,4,3,3,4,4
05/10/2024,160,2,3,2,4,5,4,3,3,3,4
05/10/2024,161,2,2,3,1,3,3,2,1,2,2
05/10/2024,162,4,3,3,3,3,4,3,4,1,2
05/10/2024,163,3,2,4,4,4,3,3,3,2,2
05/10/2024,164,2,4,4,4,4,4,3,3,4,3
05/10/2024,165,4,4,4,3,3,1,2,2,2,2
05/10/2024,166,3,4,4,4,1,2,2,4,3,5
05/10/2024,167,3,3,2,3,4,3,4,4,1,3
05/10/2024,168,4,3,2,1,3,3,4,4,1,3
05/10/2024,169,3,2,3,3,3,4,3,3,4,1
05/10/2024,170,1,2,2,5,2,1,3,4,4,2
05/10/2024,171,4,2,2,3,5,3,1,2,3,3
05/10/2024,172,2,4,2,4,4,4,4,4,5,3
05/10/2024,173,4,4,5,3,3,3,5,3,5,5
05/10/2024,174,1,4,3,2,5,2,4,2,3,5
05/10/2024,175,2,4,2,2,3,4,3,1,3,3
05/10/2024,176,1,1,1,3,2,4,2,3,4,3
05/10/2024,177,4,3,3,2,4,4,2,1,3,4
05/10/2024,178,4,2,4,2,4,3,3,4,3,2
05/10/2024,179,2,5,3,3,3,3,5,3,3,3
05/10/2024,180,4,3,3,3,3,1,3,4,2,3
05/10/2024,181,3,2,4,3,3,4,4,2,3,3
05/10/2024,182,5,4,4,5,4,2,4,5,2,2
05/10/2024,183,2,2,3,5,4,3,2,3,5,4
05/10/2024,184,3,2,4,5,3,3,4,2,2,2
05/10/2024,185,3,1,4,3,2,3,3,5,2,2
05/10/2024,186,3,2,4,3,2,2,3,3,3,3
05/10/2024,187,2,3,3,1,3,2,3,2,2,1
05/10/2024,188,2,1,4,3,1,4,2,4,4,5
05/10/2024,189,3,3,4,3,3,2,2,4,5,5
05/10/2024,190,4,3,3,2,3,2,4,2,5,3
05/10/2024,191,4,2,4,3,3,3,4,4,3,3
05/10/2024,192,3,3,3,3,3,4,4,2,4,3
05/10/2024,193,4,2,4,4,3,4,4,3,1,4
05/10/2024,194,5,2,4,2,4,3,3,2,2,2
05/10/2024,195,3,3,3,2,3,3,4,2,4,4
05/10/2024,196,3,3,1,3,4,4,4,3,2,2
05/10/2024,197,2,3,4,2,4,1,1,3,5,4
05/10/2024,198,3,1,3,3,3,3,5,3,4,4
05/10/2024,199,1,1,2,1,3,4,3,3,2,3
05/10/2024,200,3,4,3,2,4,3,2,3,4,2
05/10/2024,201,3,4,4,3,5,3,3,2,3,2
05/10/2024,202,4,4,5,4,2,4,4,4,5,3
05/10/2024,203,2,3,4,3,3,3,2,2,3,1
05/10/2024,204,3,2,3,3,3,4,3,5,4,4
05/10/2024,205,2,1,4,4,2,3,1,3,3,5
05/10/2024,206,2,4,2,3,4,3,4,2,2,5
05/10/2024,207,2,4,4,2,2,2,3,1,2,4
05/10/2024,208,3,3,4,2,2,2,4,2,2,3
05/10/2024,209,3,5,3,2,3,3,2,5,3,3
05/10/2024,210,4,2,1,2,2,4,5,3,4,2
05/10/2024,211,3,3,4,4,2,3,4,5,3,4
05/10/2024,212,3,2,1,2,1,4,3,3,1,3
05/10/2024,213,4,1,1,4,1,2,2,4,2,3
05/10/2024,214,1,3,4,4,4,3,1,3,1,2
05/10/2024,215,3,3,3,4,2,4,1,3,1,4
05/10/2024,216,4,1,3,3,1,2,2,3,4,4
05/10/2024,217,3,3,5,2,2,3,4,4,3,3
05/10/2024,218,3,3,5,4,3,2,2,2,4,1
05/10/2024,219,4,3,2,2,3,4,1,2,4,3
05/10/2024,220,2,3,3,1,2,3,4,4,3,2
05/10/2024,221,3,3,3,3,3,4,3,3,2,3
05/10/2024,222,3,3,2,3,2,3,3,1,2,3
05/10/2024,223,3,2,4,3,2,2,4,5,2,4
05/10/2024,224,1,3,3,2,5,1,4,3,3,3
05/10/2024,225,3,3,3,3,5,1,4,5,3,3
05/10/2024,226,3,3,4,3,2,3,3,5,3,2
05/10/2024,227,3,2,3,4,3,3,2,2,4,2
05/10/2024,228,4,2,2,2,2,3,3,3,5,2
05/10/2024,229,2,4,4,2,2,3,2,4,4,1
05/10/2024,230,4,3,4,4,3,3,4,3,3,5
05/10/2024,231,1,3,4,4,2,3,4,1,3,2
05/10/2024,232,2,3,3,3,4,2,4,3,4,5
05/10/2024,233,5,3,3,1,3,5,4,3,4,2
05/10/2024,234,4,3,3,4,2,2,2,3,2,3
05/10/2024,235,4,4,2,4,2,3,3,3,4,3
05/10/2024,236,4,4,2,3,4,5,5,1,3,3
05/10/2024,237,5,3,3,2,3,2,2,1,4,2
05/10/2024,238,4,4,3,4,2,5,2,5,2,2
05/10/2024,239,5,3,2,4,3,3,3,4,3,2
05/10/2024,240,4,2,2,4,3,4,2,3,2,2
05/10/2024,241,3,2,3,2,4,2,5,3,4,2
05/10/2024,242,2,3,4,4,4,2,3,3,3,4
05/10/2024,243,4,3,3,4,4,2,2,2,3,4
05/10/2024,244,1,4,5,3,1,3,4,4,4,2
05/10/2024,245,2,3,2,2,2,3,3,4,2,3
05/10/2024,246,3,4,2,2,5,1,4,3,4,1
05/10/2024,247,3,5,4,4,3,2,4,4,3,2
05/10/2024,248,2,2,2,4,2,4,3,3,4,5
05/10/2024,249,3,3,3,2,1,2,3,2,3,1
05/10/2024,250,3,3,1,1,2,3,2,1,3,2
05/10/2024,251,4,4,2,2,3,2,4,4,2,3
05/10/2024,252,4,3,3,2,2,3,1,2,3,4
05/10/2024,253,4,4,3,3,1,4,5,2,3,3
05/10/2024,254,2,5,4,4,2,3,4,2,3,5
05/10/2024,255,2,3,4,4,4,4,3,4,2,3
05/10/2024,256,5,2,1,2,4,3,4,3,3,1
05/10/2024,257,3,4,5,3,3,3,3,2,3,2
05/10/2024,258,4,4,5,1,5,5,4,3,2,3
05/10/2024,259,3,2,3,5,5,2,3,3,2,3
05/10/2024,260,3,2,3,3,2,2,4,4,3,4
05/10/2024,261,2,3,2,3,2,1,3,4,2,3
05/10/2024,262,1,4,2,3,5,3,3,4,5,3
05/10/2024,263,3,3,4,3,3,2,3,5,2,3
05/10/2024,264,2,5,4,3,3,3,3,3,4,3
05/10/2024,265,2,4,4,3,3,4,3,4,4,3
05/10/2024,266,2,3,3,4,3,2,4,2,1,3
05/10/2024,267,4,3,2,1,2,3,2,2,3,3
05/10/2024,268,2,2,3,3,4,4,4,5,2,4
05/10/2024,269,5,1,3,3,2,2,3,4,3,3
05/10/2024,270,4,3,3,4,4,2,2,3,5,2
05/10/2024,271,3,3,3,2,4,2,3,5,3,4
05/10/2024,272,3,2,2,3,3,3,2,5,5,2
05/10/2024,273,3,3,3,3,2,2,3,2,2,3
05/10/2024,274,4,4,3,2,4,3,3,2,3,3
05/10/2024,275,2,4,4,2,3,2,3,4,3,2
05/10/2024,276,4,3,4,2,3,3,5,2,3,4
05/10/2024,277,2,4,4,3,4,4,3,3,2,4
05/10/2024,278,2,3,2,3,4,5,1,4,1,3
05/10/2024,279,3,4,3,2,3,3,3,3,2,3
05/10/2024,280,2,5,4,2,3,4,2,2,4,2
05/10/2024,281,3,2,4,3,4,4,3,1,3,3
05/10/2024,282,3,2,3,5,3,4,2,1,5,5
05/10/2024,283,2,2,1,2,3,3,3,2,2,3
05/10/2024,284,3,4,3,2,2,3,3,3,4,3
05/10/2024,285,3,5,2,3,3,1,2,2,4,2
05/10/2024,286,3,4,3,4,3,3,3,3,3,1
05/10/2024,287,2,3,2,3,3,2,4,4,4,3
05/10/2024,288,2,3,4,2,4,2,3,4,2,4
05/10/2024,289,3,5,3,4,2,3,4,3,4,5
05/10/2024,290,2,1,3,2,1,3,4,3,4,4
05/10/2024,291,3,4,4,3,4,3,2,2,3,4
05/10/2024,292,3,3,3,3,2,3,2,3,2,3
05/10/2024,293,3,4,1,3,2,1,1,4,3,2
05/10/2024,294,2,4,3,2,4,2,1,3,3,5
05/10/2024,295,2,2,2,3,2,3,2,4,3,4
05/10/2024,296,2,5,2,4,1,5,3,3,2,4
05/10/2024,297,5,2,1,2,2,3,3,3,5,1
05/10/2024,298,4,4,4,3,5,4,1,2,2,5
05/10/2024,299,2,2,5,3,4,2,3,3,3,2
05/10/2024,300,3,2,4,3,2,4,3,2,3,5
05/10/2024,301,4,3,3,3,5,3,2,4,2,4
05/10/2024,302,3,3,3,3,4,2,3,3,2,4
05/10/2024,303,5,5,4,3,4,2,3,3,4,2
05/10/2024,304,4,1,2,2,2,3,5,3,3,2
05/10/2024,305,2,4,4,3,2,4,3,2,4,3
05/10/2024,306,3,4,3,1,2,4,3,4,2,4
05/10/2024,307,2,2,1,1,2,2,3,2,2,1
05/10/2024,308,4,4,4,4,2,4,4,3,3,5
05/10/2024,309,2,2,3,5,2,3,3,2,2,3
05/10/2024,310,3,3,2,3,2,4,2,5,2,2
05/10/2024,311,5,3,2,4,3,3,3,4,4,4
05/10/2024,312,3,3,5,4,4,2,4,3,5,5
05/10/2024,313,3,3,2,2,4,4,3,2,3,4
05/10/2024,314,5,3,2,5,4,3,1,3,1,3
05/10/2024,315,3,4,4,3,2,2,3,3,2,3
05/10/2024,316,3,2,4,4,4,2,3,5,2,5
05/10/2024,317,1,2,3,4,5,3,3,4,3,3
05/10/2024,318,4,3,3,2,3,4,1,5,1,2
05/10/2024,319,4,4,2,1,3,2,3,1,3,4
05/10/2024,320,3,4,3,2,3,1,2,4,3,2
05/10/2024,321,3,4,2,3,1,3,2,4,3,2
05/10/2024,322,4,3,1,3,2,3,2,2,4,4
05/10/2024,323,4,2,3,3,3,5,5,3,4,4
05/10/2024,324,5,1,3,3,1,2,4,5,3,4
05/10/2024,325,3,5,2,4,1,4,2,2,3,3
05/10/2024,326,3,4,5,4,3,3,4,3,3,3
05/10/2024,327,5,5,4,2,3,4,3,4,3,4
05/10/2024,328,3,3,5,4,4,2,4,3,4,4
05/10/2024,329,3,4,4,2,2,3,2,2,2,2
05/10/2024,330,3,3,4,2,4,3,4,3,5,4
05/10/2024,331,5,2,3,2,3,4,1,2,3,4
05/10/2024,332,4,4,3,4,5,3,3,3,3,3
05/10/2024,333,3,3,3,3,3,4,3,2,3,2
05/10/2024,334,2,3,3,3,2,4,1,4,4,3
05/10/2024,335,2,4,1,3,3,2,2,3,5,4
05/10/2024,336,1,3,4,2,3,2,3,3,3,3
05/10/2024,337,3,2,2,3,3,2,2,3,4,2
05/10/2024,338,5,3,5,3,2,2,3,3,3,3
05/10/2024,339,4,3,4,2,4,2,2,4,3,2
05/10/2024,340,4,4,3,4,3,4,3,1,3,3
05/10/2024,341,5,2,4,4,2,5,3,3,3,4
05/10/2024,342,2,2,4,4,4,3,2,2,1,3
05/10/2024,343,5,2,3,4,4,3,3,3,3,3
05/10/2024,344,2,2,3,3,4,3,3,3,2,2
05/10/2024,345,3,3,1,4,3,4,4,4,1,1
05/10/2024,346,1,4,5,2,3,2,3,2,3,2
05/10/2024,347,3,1,1,3,3,3,3,2,2,5
05/10/2024,348,4,4,3,2,2,4,3,2,3,2
05/10/2024,349,3,4,2,2,4,2,5,3,3,2
05/10/2024,350,2,3,3,4,4,3,3,2,3,3
05/10/2024,351,3,3,3,3,3,5,4,3,3,4
05/10/2024,352,3,3,3,5,4,3,2,3,3,2
05/10/2024,353,5,2,1,2,4,3,4,4,1,4
05/10/2024,354,2,2,4,2,3,2,2,3,3,4
05/10/2024,355,4,2,3,4,2,2,4,5,2,2
05/10/2024,356,2,3,2,3,4,2,4,3,4,4
05/10/2024,357,3,3,4,3,3,2,5,3,4,5
05/10/2024,358,3,3,4,3,2,3,1,3,3,3
05/10/2024,359,4,4,4,3,3,2,2,4,3,3
05/10/2024,360,5,2,4,3,3,5,4,3,3,3
05/10/2024,361,2,4,1,3,3,4,2,5,4,1
05/10/2024,362,4,4,2,3,2,2,2,2,3,3
05/10/2024,363,3,2,2,3,3,3,2,1,3,5
05/10/2024,364,3,3,3,2,2,3,3,3,5,4
05/10/2024,365,4,3,5,4,4,4,4,3,2,5
05/10/2024,366,3,4,2,5,3,2,4,4,4,2
05/10/2024,367,3,5,4,4,1,2,2,2,3,4
05/10/2024,368,3,5,3,2,3,4,4,2,4,4
05/10/2024,369,3,3,4,1,2,2,4,4,3,3
05/10/2024,370,2,3,4,2,4,2,4,4,2,2
05/10/2024,371,2,1,5,4,3,4,4,3,1,3
05/10/2024,372,5,3,2,1,3,4,3,3,2,4
05/10/2024,373,3,3,4,2,5,2,2,5,3,2
05/10/2024,374,3,3,2,4,1,3,3,2,4,4
05/10/2024,375,2,3,4,3,5,2,4,3,2,1
05/10/2024,376,4,4,3,4,2,4,2,1,4,4
05/10/2024,377,3,2,1,3,4,4,2,2,2,4
05/10/2024,378,4,5,2,3,5,3,2,2,4,3
05/10/2024,379,4,2,3,2,5,3,3,3,2,4
05/10/2024,380,3,3,2,5,3,4,2,4,2,4
05/10/2024,381,2,2,4,4,4,3,5,2,3,5
05/10/2024,382,3,2,3,4,4,3,4,3,3,3
05/10/2024,383,4,3,2,3,3,3,4,2,1,4
05/10/2024,384,4,3,3,3,4,4,4,3,4,4
05/10/2024,385,1,1,1,2,2,3,2,2,3,4
05/10/2024,386,3,3,4,2,3,2,2,3,3,3
05/10/2024,387,1,2,3,2,3,3,3,3,1,2
05/10/2024,388,4,1,4,3,4,1,2,1,2,4
05/10/2024,389,3,4,3,4,3,3,5,3,2,4
05/10/2024,390,1,3,2,2,4,2,4,4,4,4
05/10/2024,391,3,2,2,2,2,2,4,3,2,3
05/10/2024,392,3,2,3,3,3,4,3,2,4,2
05/10/2024,393,3,3,3,4,4,3,3,3,2,2
05/10/2024,394,4,4,3,4,2,1,3,4,2,3
05/10/2024,395,3,3,4,3,4,3,4,3,3,3
05/10/2024,396,4,2,4,3,3,4,2,3,3,2
05/10/2024,397,4,3,2,5,4,4,3,4,3,2
05/10/2024,398,2,3,4,2,3,5,3,2,2,3
05/10/2024,399,3,1,4,3,4,4,3,4,5,5
05/10/2024,400,3,1,4,2,4,3,3,3,4,4
05/10/2024,401,3,2,5,4,4,3,4,2,2,2
05/10/2024,402,1,4,3,2,2,2,2,3,1,3
05/10/2024,403,3,4,3,3,1,3,2,2,2,3
05/10/2024,404,3,3,3,3,3,4,3,3,4,4
05/10/2024,405,3,2,2,4,3,4,2,3,3,3
05/10/2024,406,3,4,2,2,3,1,1,2,3,2
05/10/2024,407,4,4,3,4,4,4,3,2,3,3
05/10/2024,408,4,3,2,5,1,5,3,2,3,5
05/10/2024,409,3,4,4,2,2,1,2,1,2,2
05/10/2024,410,2,4,3,4,2,2,3,3,2,4
05/10/2024,411,2,2,3,4,3,3,2,4,3,3
05/10/2024,412,2,4,2,3,4,3,1,2,2,4
05/10/2024,413,2,4,2,3,3,2,4,2,3,2
05/10/2024,414,3,2,2,4,4,3,3,5,3,3
05/10/2024,415,1,3,4,3,1,2,2,3,1,3
05/10/2024,416,2,3,1,4,3,2,3,2,1,4
05/10/2024,417,3,4,1,3,2,2,4,4,3,2
05/10/2024,418,3,3,3,4,2,3,3,4,2,3
05/10/2024,419,2,2,2,1,4,4,3,4,4,2
05/10/2024,420,3,3,3,2,3,4,3,3,3,2
05/10/2024,421,3,3,1,4,4,3,3,4,2,1
05/10/2024,422,3,5,3,3,3,3,1,5,3,3
05/10/2024,423,4,5,2,2,3,3,2,4,3,3
05/10/2024,424,4,5,4,2,4,3,4,1,3,1
05/10/2024,425,3,3,3,4,3,4,2,4,3,4
05/10/2024,426,3,4,2,2,3,2,3,3,3,4
05/10/2024,427,2,3,4,4,3,2,4,3,4,3
05/10/2024,428,3,4,3,1,2,4,3,5,3,2
05/10/2024,429,3,2,4,4,2,4,3,4,5,2
05/10/2024,430,2,3,3,3,4,5,4,3,3,3
05/10/2024,431,2,1,4,5,4,4,2,4,5,3
05/10/2024,432,3,4,4,2,1,3,2,3,1,3
05/10/2024,433,2,4,3,4,1,2,4,5,5,2
05/10/2024,434,3,3,1,4,3,4,2,4,3,5
05/10/2024,435,4,2,4,4,2,4,4,4,4,2
05/10/2024,436,5,2,3,2,2,4,4,3,3,3
05/10/2024,437,2,3,2,1,3,4,3,3,3,4
05/10/2024,438,4,3,3,4,3,3,3,3,2,3
05/10/2024,439,3,3,3,2,3,4,2,2,2,3
05/10/2024,440,2,4,2,3,2,2,1,3,3,2
05/10/2024,441,4,4,2,2,2,3,1,5,5,4
05/10/2024,442,4,2,3,4,3,1,4,2,3,4
05/10/2024,443,3,1,3,3,2,2,1,4,3,3
05/10/2024,444,4,3,3,3,1,2,3,4,3,2
05/10/2024,445,3,2,2,5,1,2,2,2,2,3
05/10/2024,446,5,3,3,3,4,3,3,2,2,3
05/10/2024,447,2,2,3,3,2,3,3,3,2,4
05/10/2024,448,3,4,4,4,3,1,2,2,4,3
05/10/2024,449,2,3,2,3,3,1,4,4,2,3
05/10/2024,450,4,4,3,2,3,3,3,4,2,3
05/10/2024,451,3,4,3,3,2,3,3,4,3,2
05/10/2024,452,3,3,3,2,3,3,3,3,3,1
05/10/2024,453,1,3,3,3,4,1,2,3,4,3
05/10/2024,454,3,3,3,4,4,3,5,4,4,2
05/10/2024,455,3,4,3,1,1,3,4,4,4,2
05/10/2024,456,4,4,2,4,2,4,2,3,3,4
05/10/2024,457,4,2,1,4,4,4,5,4,4,4
05/10/2024,458,2,4,2,3,3,3,3,4,2,3
05/10/2024,459,4,3,2,3,4,3,4,2,4,3
05/10/2024,460,5,1,3,4,2,5,3,4,3,2
05/10/2024,461,3,2,2,5,3,4,3,1,2,2
05/10/2024,462,4,3,2,2,3,3,3,4,4,4
05/10/2024,463,2,5,3,3,4,3,3,1,3,4
05/10/2024,464,3,3,2,3,3,4,2,4,2,4
05/10/2024,465,4,1,2,4,3,3,5,1,3,4
05/10/2024,466,4,4,3,5,1,2,4,3,3,4
05/10/2024,467,2,4,4,2,4,3,2,4,3,1
05/10/2024,468,4,2,4,3,2,1,1,4,2,3
05/10/2024,469,4,3,3,4,3,2,3,2,1,5
05/10/2024,470,3,3,2,3,4,4,2,2,4,2
05/10/2024,471,3,4,1,3,4,4,3,4,2,4
05/10/2024,472,3,2,2,3,4,4,3,2,3,3
05/10/2024,473,4,4,1,5,4,2,2,4,4,2
05/10/2024,474,2,5,3,4,5,2,3,2,3,4
05/10/2024,475,3,4,3,2,3,4,4,5,4,2
05/10/2024,476,1,3,4,3,3,1,4,4,3,3
05/10/2024,477,3,4,4,2,4,3,3,3,2,4
05/10/2024,478,3,2,3,3,3,4,1,4,3,3
05/10/2024,479,4,3,4,3,2,3,3,2,3,2
05/10/2024,480,1,5,2,3,3,4,2,3,3,3
05/10/2024,481,3,1,4,1,2,3,2,2,2,4
05/10/2024,482,4,4,5,4,1,4,2,3,2,3
05/10/2024,483,4,1,2,2,2,4,3,4,2,3
05/10/2024,484,2,2,4,2,4,3,3,2,4,3
05/10/2024,485,3,3,3,5,5,3,2,3,2,2
05/10/2024,486,4,4,2,3,3,2,2,3,2,2
05/10/2024,487,2,4,2,4,3,2,3,3,3,4
05/10/2024,488,4,2,4,1,3,3,4,2,2,3
05/10/2024,489,3,4,1,4,3,4,3,3,2,4
05/10/2024,490,4,2,3,4,3,2,1,2,2,4
05/10/2024,491,3,2,1,2,2,4,2,3,3,3
05/10/2024,492,2,2,5,1,3,4,4,3,4,3
05/10/2024,493,3,4,4,2,2,3,4,3,2,4
05/10/2024,494,4,4,2,3,4,4,3,3,2,4
05/10/2024,495,2,2,3,5,4,1,4,2,1,3
05/10/2024,496,3,2,3,3,2,4,2,4,4,2
05/10/2024,497,4,4,4,4,4,4,4,2,2,3
05/10/2024,498,3,3,2,2,3,2,2,4,2,3
05/10/2024,499,3,3,5,2,3,3,3,4,4,1
05/10/2024,500,3,2,4,4,4,5,3,2,2,4
05/10/2024,501,2,2,5,4,4,4,2,2,4,5
05/10/2024,502,4,2,3,2,4,3,2,2,3,1
05/10/2024,503,3,3,3,1,4,3,4,3,4,2
05/10/2024,504,2,3,2,2,2,4,3,2,3,3
05/10/2024,505,2,4,4,3,3,2,5,3,2,2
05/10/2024,506,2,3,5,1,4,3,3,3,1,5
05/10/2024,507,3,2,4,3,3,3,3,2,2,4
05/10/2024,508,2,2,4,3,3,3,3,4,3,3
05/10/2024,509,3,3,3,3,4,3,4,2,3,4
05/10/2024,510,1,1,1,3,3,2,4,3,2,3
05/10/2024,511,3,4,3,2,2,3,3,3,3,2
05/10/2024,512,4,4,4,3,3,3,4,3,3,5
05/10/2024,513,3,3,4,2,3,5,2,3,4,3
05/10/2024,514,3,4,4,3,2,2,2,3,4,2
05/10/2024,515,2,3,2,3,4,3,3,2,4,2
05/10/2024,516,2,3,2,4,2,3,3,3,3,2
05/10/2024,517,3,3,4,4,3,3,3,4,4,1
05/10/2024,518,3,2,2,3,3,2,5,3,4,4
05/10/2024,519,4,5,4,2,4,2,4,3,2,3
05/10/2024,520,4,1,2,4,2,3,4,3,2,3
05/10/2024,521,1,2,3,5,3,2,2,4,4,3
05/10/2024,522,3,3,5,1,4,3,4,3,2,2
05/10/2024,523,1,2,1,2,4,2,4,2,4,5
05/10/2024,524,4,3,3,2,5,4,4,2,2,3
05/10/2024,525,2,1,3,3,5,3,2,4,4,1
05/10/2024,526,3,2,4,3,3,5,4,2,4,3
05/10/2024,527,3,4,4,2,2,4,2,2,3,5
05/10/2024,528,4,4,4,1,2,3,4,2,2,2
05/10/2024,529,3,4,2,2,4,3,3,5,2,3
05/10/2024,530,5,1,2,3,4,5,4,1,1,4
05/10/2024,531,3,3,3,4,2,3,2,3,2,3
05/10/2024,532,4,3,5,3,3,1,4,3,3,2
05/10/2024,533,2,3,3,4,3,3,3,1,3,3
05/10/2024,534,4,1,3,3,5,3,4,4,1,5
05/10/2024,535,4,3,3,2,4,3,2,2,2,2
05/10/2024,536,5,4,4,3,3,2,4,2,4,3
05/10/2024,537,3,3,5,4,3,5,1,1,2,4
05/10/2024,538,5,1,4,4,3,3,3,4,3,4
05/10/2024,539,4,2,2,4,3,3,4,4,2,3
05/10/2024,540,2,2,2,3,4,3,4,3,1,3
05/10/2024,541,2,2,2,4,1,4,5,3,3,3
05/10/2024,542,3,3,1,3,5,3,1,2,4,1
05/10/2024,543,3,5,4,3,4,3,3,3,5,3
05/10/2024,544,3,1,2,5,4,3,3,3,3,5
05/10/2024,545,4,3,3,4,2,4,3,3,2,1
05/10/2024,546,3,3,1,3,2,3,2,1,2,2
05/10/2024,547,3,4,3,2,3,3,2,5,2,1
05/10/2024,548,1,4,2,2,1,2,3,5,5,2
05/10/2024,549,2,3,2,1,3,3,4,3,4,4
05/10/2024,550,3,3,3,4,3,2,4,3,3,3
05/10/2024,551,3,2,5,1,2,2,3,2,3,2
05/10/2024,552,2,1,2,3,3,2,2,3,3,3
05/10/2024,553,1,3,2,1,4,4,5,4,3,3
05/10/2024,554,3,4,2,2,3,4,4,4,4,3
05/10/2024,555,1,2,3,3,4,2,4,3,2,3
05/10/2024,556,2,3,4,3,3,1,3,2,3,5
05/10/2024,557,3,4,3,3,3,4,3,3,3,2
05/10/2024,558,4,1,4,4,2,3,2,3,2,2
05/10/2024,559,1,2,4,3,2,2,3,3,4,2
05/10/2024,560,3,4,3,3,2,5,4,3,4,3
05/10/2024,561,3,2,4,3,3,3,1,3,3,3
05/10/2024,562,3,4,2,3,2,5,2,5,3,3
05/10/2024,563,3,2,3,3,4,2,2,3,4,3
05/10/2024,564,4,3,4,4,3,2,4,4,3,4
05/10/2024,565,3,4,5,4,4,3,3,4,3,3
05/10/2024,566,3,3,3,4,4,2,3,2,5,3
05/10/2024,567,2,2,3,3,3,2,2,4,3,3
05/10/2024,568,3,2,2,3,4,3,3,3,3,2
05/10/2024,569,2,4,4,2,4,3,3,4,3,4
05/10/2024,570,1,3,2,2,2,5,4,3,2,2
05/10/2024,571,4,3,2,2,5,3,2,1,4,3
05/10/2024,572,3,3,2,5,4,1,2,3,4,3
05/10/2024,573,4,3,2,4,3,3,2,3,3,3
05/10/2024,574,4,3,3,2,2,2,4,3,4,4
05/10/2024,575,4,4,3,4,2,3,4,4,3,1
05/10/2024,576,2,3,2,4,4,3,2,2,2,1
05/10/2024,577,4,3,1,5,1,4,3,2,3,3
05/10/2024,578,5,4,1,2,3,3,3,2,4,4
05/10/2024,579,2,3,2,4,3,2,2,3,2,2
05/10/2024,580,3,4,4,3,2,2,1,3,3,4
05/10/2024,581,3,3,2,3,4,1,2,3,4,2
05/10/2024,582,3,5,3,2,3,2,3,3,2,3
05/10/2024,583,5,3,4,4,4,4,2,2,4,3
05/10/2024,584,4,3,3,3,3,1,2,5,3,4
05/10/2024,585,2,2,2,2,3,2,2,4,4,2
05/10/2024,586,1,3,3,4,3,2,3,3,4,2
05/10/2024,587,3,5,3,3,3,3,5,5,4,4
05/10/2024,588,2,2,3,4,4,4,3,3,3,2
05/10/2024,589,4,2,2,3,3,3,2,1,3,4
05/10/2024,590,3,4,3,1,2,3,3,2,3,2
05/10/2024,591,3,3,5,3,3,4,1,2,2,2
05/10/2024,592,3,4,3,3,3,3,2,2,2,5
05/10/2024,593,2,4,2,3,1,2,3,4,3,3
05/10/2024,594,4,2,4,3,5,2,3,4,4,5
05/10/2024,595,3,1,1,4,4,3,2,3,3,4
05/10/2024,596,5,1,2,2,2,3,2,4,3,2
05/10/2024,597,5,4,4,1,1,1,1,3,4,3
05/10/2024,598,1,2,3,5,2,3,3,2,3,4
05/10/2024,599,3,3,3,5,3,4,1,3,3,4
05/10/2024,600,3,5,3,3,3,3,2,2,3,2
05/10/2024,601,3,4,3,4,4,4,2,2,3,3
05/10/2024,602,3,3,4,3,3,3,3,3,2,4
05/10/2024,603,2,3,3,2,3,1,3,3,2,2
05/10/2024,604,3,3,2,2,4,3,3,4,2,2
05/10/2024,605,4,3,4,4,4,3,3,2,2,2
05/10/2024,606,5,4,4,3,3,4,3,3,2,4
05/10/2024,607,3,3,2,3,2,4,3,4,3,3
05/10/2024,608,2,3,4,2,2,2,4,3,4,3
05/10/2024,609,4,3,4,3,2,3,2,2,3,4
05/10/2024,610,3,3,4,3,2,3,3,3,3,3
05/10/2024,611,1,4,2,3,4,2,2,2,3,1
05/10/2024,612,2,3,4,3,3,3,2,4,2,3
05/10/2024,613,3,4,3,3,4,4,2,2,3,2
05/10/2024,614,4,3,3,4,3,3,4,3,3,3
05/10/2024,615,3,3,3,1,3,2,3,3,3,4
05/10/2024,616,4,3,4,3,4,3,3,3,3,2
05/10/2024,617,2,5,3,2,3,3,3,4,2,3
05/10/2024,618,5,4,3,3,3,3,4,3,3,3
05/10/2024,619,3,4,1,4,1,3,3,3,2,2
05/10/2024,620,3,3,4,2,3,4,2,2,4,3
05/10/2024,621,2,4,1,2,5,3,2,4,4,4
05/10/2024,622,3,2,4,3,1,3,4,3,3,4
05/10/2024,623,3,1,4,3,2,4,2,4,2,3
05/10/2024,624,1,4,5,5,3,4,2,3,2,2
05/10/2024,625,1,4,3,3,5,3,3,2,1,4
05/10/2024,626,3,3,4,2,2,4,2,3,3,4
05/10/2024,627,2,4,2,4,4,3,3,2,3,5
05/10/2024,628,5,2,3,1,3,1,3,2,2,4
05/10/2024,629,3,3,3,4,3,2,2,1,3,5
05/10/2024,630,2,3,3,2,4,3,3,2,2,1
05/10/2024,631,2,4,3,3,4,4,2,3,2,2
05/10/2024,632,2,4,4,2,3,4,3,3,4,3
05/10/2024,633,1,4,3,2,3,3,3,3,3,3
05/10/2024,634,4,3,3,3,2,3,3,3,3,3
05/10/2024,635,3,3,3,3,3,3,4,3,4,2
05/10/2024,636,3,1,4,4,1,3,3,2,1,2
05/10/2024,637,4,3,2,3,1,5,4,2,3,1
05/10/2024,638,2,5,3,3,2,5,2,4,3,2
05/10/2024,639,4,4,3,3,3,3,3,3,2,3
05/10/2024,640,2,3,4,3,3,4,3,1,4,4
05/10/2024,641,4,3,2,2,3,1,3,4,2,4
05/10/2024,642,4,3,4,4,2,4,4,3,2,2
05/10/2024,643,5,4,3,2,4,3,4,4,3,4
05/10/2024,644,5,2,2,2,1,3,3,1,3,2
05/10/2024,645,2,1,3,2,4,3,3,2,3,3
05/10/2024,646,3,4,2,3,3,4,3,4,4,3
05/10/2024,647,2,3,3,3,3,4,1,4,2,2
05/10/2024,648,1,5,3,3,2,4,3,4,1,2
05/10/2024,649,4,4,5,3,4,1,1,3,3,3
05/10/2024,650,3,2,5,2,4,1,3,3,3,4
05/10/2024,651,2,1,4,4,4,4,5,1,4,3
05/10/2024,652,3,3,4,3,3,3,4,2,3,2
05/10/2024,653,3,3,5,3,4,4,5,2,4,3
05/10/2024,654,2,3,2,5,5,2,4,1,3,4
05/10/2024,655,3,3,3,3,2,3,3,3,3,3
05/10/2024,656,4,3,4,4,3,3,3,3,5,2
05/10/2024,657,5,4,4,3,3,3,3,5,1,1
05/10/2024,658,4,3,3,3,2,3,3,4,1,3
05/10/2024,659,4,4,4,1,4,3,4,2,4,4
05/10/2024,660,3,4,3,3,3,5,4,3,3,3
05/10/2024,661,4,3,2,4,5,2,2,4,5,4
05/10/2024,662,3,4,4,1,3,5,2,3,5,3
05/10/2024,663,4,3,3,1,4,4,3,4,3,2
05/10/2024,664,1,1,3,3,2,2,3,3,2,2
05/10/2024,665,3,5,2,3,4,4,2,3,3,2
05/10/2024,666,3,2,3,3,1,3,3,2,4,1
05/10/2024,667,3,2,1,3,3,2,3,1,3,1
05/10/2024,668,3,2,5,2,2,4,4,3,3,4
05/10/2024,669,4,3,5,3,3,2,3,3,4,2
05/10/2024,670,3,3,3,2,3,2,5,2,2,4
05/10/2024,671,4,3,4,2,3,4,4,3,3,1
05/10/2024,672,3,3,5,4,2,3,3,3,3,3
05/10/2024,673,5,4,3,3,3,2,2,1,3,3
05/10/2024,674,3,3,4,3,2,4,4,4,2,1
05/10/2024,675,4,2,1,3,3,2,5,3,3,5
05/10/2024,676,2,1,2,3,1,4,3,1,3,4
05/10/2024,677,3,1,1,3,3,4,3,4,3,3
05/10/2024,678,3,4,3,3,3,3,2,3,2,4
05/10/2024,679,2,3,3,3,5,2,2,3,4,2
05/10/2024,680,2,5,2,2,1,2,1,2,1,2
05/10/2024,681,2,3,2,2,2,1,5,3,2,2
05/10/2024,682,4,2,2,4,2,4,2,4,2,1
05/10/2024,683,5,2,2,4,5,3,4,3,3,2
05/10/2024,684,3,2,4,3,5,4,3,2,3,4
05/10/2024,685,4,4,3,3,4,4,5,3,3,3
05/10/2024,686,1,3,3,2,2,4,2,2,4,3
05/10/2024,687,4,3,3,4,2,4,2,2,1,3
05/10/2024,688,2,2,3,3,2,3,5,3,3,5
05/10/2024,689,3,3,4,3,3,3,4,1,5,3
05/10/2024,690,5,4,4,3,3,3,1,3,2,3
05/10/2024,691,3,3,2,4,4,3,3,5,3,3
05/10/2024,692,2,1,2,3,2,3,3,4,1,2
05/10/2024,693,3,3,5,4,3,3,3,2,5,3
05/10/2024,694,2,3,4,4,2,3,4,2,3,2
05/10/2024,695,4,3,4,3,3,2,3,5,3,3
05/10/2024,696,3,4,2,2,2,4,4,3,3,3
05/10/2024,697,2,3,3,3,4,4,2,2,4,1
05/10/2024,698,4,1,4,4,4,3,3,4,2,3
05/10/2024,699,3,2,1,3,4,2,2,5,2,4
05/10/2024,700,5,3,2,1,3,2,2,4,3,3
05/10/2024,701,5,4,4,3,3,2,4,4,3,1
05/10/2024,702,2,4,2,3,2,5,3,4,5,5
05/10/2024,703,3,1,3,3,3,4,4,3,2,4
05/10/2024,704,3,5,1,5,4,2,4,4,2,4
05/10/2024,705,4,2,3,2,2,4,3,3,2,2
05/10/2024,706,1,1,3,3,1,2,3,5,3,3
05/10/2024,707,3,5,3,3,3,3,5,2,1,4
05/10/2024,708,3,4,2,2,4,2,3,4,4,1
05/10/2024,709,5,3,5,4,3,3,1,2,5,3
05/10/2024,710,5,4,1,5,2,5,3,3,2,1
05/10/2024,711,3,2,2,1,2,2,3,3,4,2
05/10/2024,712,4,3,3,4,2,1,2,3,2,4
05/10/2024,713,3,2,2,5,4,3,4,2,3,3
05/10/2024,714,4,3,2,4,2,3,3,2,4,5
05/10/2024,715,3,4,2,3,4,4,3,3,2,2
05/10/2024,716,4,3,2,2,3,4,3,3,2,4
05/10/2024,717,3,3,4,4,2,4,1,4,2,3
05/10/2024,718,4,1,2,1,3,3,3,5,3,4
05/10/2024,719,3,3,4,1,3,3,2,3,3,2
05/10/2024,720,3,4,3,5,1,2,2,3,3,3
05/10/2024,721,1,1,3,4,3,4,5,3,2,4
05/10/2024,722,4,3,4,3,3,2,3,1,4,2
05/10/2024,723,1,3,5,1,3,4,4,4,3,3
05/10/2024,724,2,3,2,3,2,3,4,3,4,3
05/10/2024,725,1,5,3,3,4,3,1,1,2,3
05/10/2024,726,3,3,5,4,4,4,4,4,2,3
05/10/2024,727,3,2,5,1,2,3,2,4,3,4
05/10/2024,728,2,3,4,2,4,2,4,4,4,5
05/10/2024,729,2,5,2,5,4,3,3,4,2,2
05/10/2024,730,4,2,4,2,2,2,3,4,1,2
05/10/2024,731,3,3,2,4,4,4,2,3,2,4
05/10/2024,732,4,3,4,3,1,4,4,2,3,3
05/10/2024,733,4,2,1,2,3,2,4,3,3,4
05/10/2024,734,2,5,2,3,4,4,2,3,2,4
05/10/2024,735,3,3,4,3,4,3,3,3,3,3
05/10/2024,736,2,3,3,4,1,2,4,4,3,3
05/10/2024,737,4,2,2,4,2,4,2,1,4,3
05/10/2024,738,3,5,2,4,4,2,3,3,4,3
05/10/2024,739,2,3,2,3,4,4,4,3,2,3
05/10/2024,740,2,1,4,2,2,3,4,3,3,3
05/10/2024,741,3,4,3,4,4,4,3,3,4,3
05/10/2024,742,3,2,2,3,3,4,1,5,3,4
05/10/2024,743,2,3,3,3,3,2,4,3,2,2
05/10/2024,744,3,2,2,4,2,2,2,1,2,4
05/10/2024,745,3,2,3,1,2,4,2,5,3,3
05/10/2024,746,2,4,3,2,2,4,3,3,4,4
05/10/2024,747,1,4,3,2,3,4,3,3,2,4
05/10/2024,748,2,4,2,3,3,3,2,4,3,2
05/10/2024,749,4,3,2,5,3,2,3,2,3,2
05/10/2024,750,2,3,3,2,3,3,4,3,5,4
05/10/2024,751,2,3,4,2,4,2,3,1,2,4
05/10/2024,752,5,4,3,5,3,2,3,4,3,3
05/10/2024,753,2,5,3,3,3,3,3,4,4,5
05/10/2024,754,3,4,3,3,2,3,3,3,3,4
05/10/2024,755,2,4,4,3,2,3,3,4,4,3
05/10/2024,756,4,3,4,3,3,4,4,3,4,4
05/10/2024,757,1,4,3,3,2,1,2,3,2,2
05/10/2024,758,3,4,3,2,3,3,4,3,5,3
05/10/2024,759,3,3,3,2,3,3,2,3,3,2
05/10/2024,760,2,3,1,3,5,3,4,2,4,4
05/10/2024,761,4,1,4,4,3,3,2,3,2,4
05/10/2024,762,4,2,2,3,2,2,2,4,2,5
05/10/2024,763,2,5,4,4,2,2,4,3,5,3
05/10/2024,764,5,2,1,5,5,4,2,2,2,4
05/10/2024,765,2,3,3,2,4,2,5,2,1,3
05/10/2024,766,3,3,4,5,2,3,4,3,3,5
05/10/2024,767,5,5,4,4,2,2,2,5,4,3
05/10/2024,768,2,4,3,4,1,3,2,3,4,3
05/10/2024,769,2,3,4,3,3,2,3,2,3,2
05/10/2024,770,3,4,4,3,1,3,5,3,5,1
05/10/2024,771,1,3,2,5,2,3,2,5,3,4
05/10/2024,772,3,3,2,4,2,3,4,4,1,4
05/10/2024,773,2,3,2,4,4,3,3,5,1,4
05/10/2024,774,2,2,3,3,4,2,4,5,5,4
05/10/2024,775,2,1,2,2,4,3,4,5,4,3
05/10/2024,776,3,2,2,4,4,3,3,2,2,1
05/10/2024,777,4,5,5,4,4,3,2,3,5,2
05/10/2024,778,1,3,4,3,2,3,4,4,2,2
05/10/2024,779,3,2,4,3,4,2,4,1,2,3
05/10/2024,780,3,2,2,2,2,3,3,3,2,3
05/10/2024,781,3,3,3,3,3,2,5,3,2,3
05/10/2024,782,3,5,2,4,4,3,3,5,1,4
05/10/2024,783,2,4,4,5,3,3,3,5,2,2
05/10/2024,784,2,4,5,3,3,5,2,4,2,5
05/10/2024,785,4,3,2,2,3,3,3,4,4,5
05/10/2024,786,3,1,2,3,5,4,3,3,3,2
05/10/2024,787,3,3,1,5,2,3,2,3,1,3
05/10/2024,788,2,3,2,1,2,3,3,5,3,2
05/10/2024,789,3,4,2,2,3,2,3,4,4,3
05/10/2024,790,2,3,3,1,4,3,2,2,2,3
05/10/2024,791,2,3,4,4,3,3,2,2,3,4
05/10/2024,792,4,3,3,4,2,3,3,2,3,4
05/10/2024,793,4,4,4,2,4,4,2,4,3,2
05/10/2024,794,1,2,3,3,2,4,3,4,3,2
05/10/2024,795,2,3,2,4,4,4,4,3,1,4
05/10/2024,796,3,3,4,5,4,1,3,2,2,3
05/10/2024,797,3,2,2,2,5,3,2,3,2,1
05/10/2024,798,2,3,2,3,5,3,3,3,3,4
05/10/2024,799,4,3,5,2,1,2,3,2,4,4
05/10/2024,800,3,1,4,3,2,3,3,4,4,3
05/10/2024,801,2,5,3,2,2,3,3,3,3,3
05/10/2024,802,3,4,2,2,3,3,3,2,4,3
05/10/2024,803,5,1,3,4,3,2,4,2,4,3
05/10/2024,804,3,2,3,4,2,4,4,4,1,4
05/10/2024,805,3,3,2,3,2,3,4,4,3,3
05/10/2024,806,1,3,2,2,4,2,3,4,1,3
05/10/2024,807,4,5,4,3,4,3,4,4,5,3
05/10/2024,808,3,2,4,4,3,1,2,3,4,3
05/10/2024,809,2,3,2,5,2,2,2,1,3,2
05/10/2024,810,2,3,5,5,1,3,3,5,4,2
05/10/2024,811,3,3,3,3,2,5,3,1,2,2
05/10/2024,812,2,3,2,3,2,5,3,5,3,4
05/10/2024,813,5,2,3,5,2,3,2,3,1,4
05/10/2024,814,3,2,2,3,3,2,1,5,5,3
05/10/2024,815,5,4,3,3,4,2,4,2,4,2
05/10/2024,816,4,4,4,5,5,3,2,3,2,3
05/10/2024,817,1,3,1,3,3,4,5,3,5,3
05/10/2024,818,3,3,4,2,3,4,5,3,3,4
05/10/2024,819,4,4,3,5,3,3,3,2,4,4
05/10/2024,820,3,3,4,4,2,5,4,4,2,3
05/10/2024,821,3,2,2,5,4,3,4,1,3,3
05/10/2024,822,4,3,3,2,3,3,3,5,4,3
05/10/2024,823,2,3,2,2,2,4,3,3,4,4
05/10/2024,824,2,4,2,3,2,3,4,2,1,2
05/10/2024,825,1,3,3,2,3,5,2,4,3,3
05/10/2024,826,1,3,4,2,4,3,2,5,1,5
05/10/2024,827,3,3,4,2,2,3,4,3,3,3
05/10/2024,828,2,3,2,4,3,4,1,3,4,3
05/10/2024,829,2,4,3,4,2,4,4,4,1,4
05/10/2024,830,3,2,3,2,4,4,3,3,3,2
05/10/2024,831,2,4,3,3,3,4,2,2,3,3
05/10/2024,832,2,3,3,3,1,3,3,3,3,3
05/10/2024,833,2,1,1,2,3,4,2,5,4,4
05/10/2024,834,4,3,2,2,3,2,2,3,4,3
05/10/2024,835,2,3,3,1,3,3,4,4,3,2
05/10/2024,836,4,3,2,4,1,4,5,5,2,2
05/10/2024,837,3,5,5,5,4,4,4,3,3,3
05/10/2024,838,5,5,4,5,1,3,2,4,3,1
05/10/2024,839,4,3,5,2,5,3,3,3,3,3
05/10/2024,840,2,2,2,3,3,2,3,1,2,3
05/10/2024,841,1,1,2,2,4,3,2,3,3,3
05/10/2024,842,3,2,5,2,5,4,5,4,2,5
05/10/2024,843,4,4,3,2,3,4,4,3,2,4
05/10/2024,844,3,2,3,3,4,3,4,3,2,3
05/10/2024,845,3,3,3,2,3,3,3,3,2,5
05/10/2024,846,5,1,2,3,3,1,2,3,3,3
05/10/2024,847,2,3,4,5,2,2,3,3,4,2
05/10/2024,848,5,2,3,4,3,4,5,3,3,5
05/10/2024,849,4,3,4,2,4,4,4,2,1,3
05/10/2024,850,3,3,2,3,3,2,3,4,3,3
05/10/2024,851,2,2,3,3,3,4,3,3,2,3
05/10/2024,852,3,2,3,5,3,4,4,2,3,5
05/10/2024,853,3,3,3,3,3,2,2,4,2,4
05/10/2024,854,2,2,4,1,3,3,3,1,2,3
05/10/2024,855,2,3,4,4,2,2,3,3,4,4
05/10/2024,856,3,3,4,1,4,3,4,4,1,3
05/10/2024,857,3,3,1,4,2,5,2,3,1,3
05/10/2024,858,4,4,4,5,3,3,2,5,4,3
05/10/2024,859,3,3,3,1,2,2,3,4,3,4
05/10/2024,860,4,2,3,1,1,4,4,2,3,4
05/10/2024,861,5,2,3,3,4,3,3,2,3,4
05/10/2024,862,2,2,3,4,2,3,3,4,4,3
05/10/2024,863,3,3,4,3,3,3,4,3,4,1
05/10/2024,864,3,3,3,2,4,4,2,3,4,2
05/10/2024,865,5,3,3,3,5,2,2,2,3,2
05/10/2024,866,4,3,3,3,2,2,3,3,3,2
05/10/2024,867,3,2,2,4,4,4,1,3,3,3
05/10/2024,868,3,1,5,1,1,4,3,2,3,2
05/10/2024,869,3,3,2,4,3,3,2,3,3,3
05/10/2024,870,3,3,3,4,3,4,2,3,5,4
05/10/2024,871,3,3,4,5,4,2,4,3,3,2
05/10/2024,872,3,3,2,5,2,3,4,5,3,1
05/10/2024,873,2,4,3,2,3,3,3,2,5,4
05/10/2024,874,3,4,4,4,3,2,3,4,1,3
05/10/2024,875,2,3,4,3,3,2,3,1,3,4
05/10/2024,876,3,2,3,2,4,4,4,2,2,3
05/10/2024,877,1,5,3,3,2,3,4,3,2,3
05/10/2024,878,3,2,3,2,2,4,4,3,5,2
05/10/2024,879,4,3,2,3,3,3,2,5,3,4
05/10/2024,880,3,3,5,2,2,4,2,3,3,5
05/10/2024,881,3,5,4,4,4,3,2,4,2,4
05/10/2024,882,4,4,4,2,4,1,3,4,2,3
05/10/2024,883,3,3,4,3,4,3,3,2,3,5
05/10/2024,884,3,5,3,3,2,4,3,3,4,2
05/10/2024,885,3,3,3,2,2,2,3,4,3,4
05/10/2024,886,2,2,3,2,4,3,2,3,2,3
05/10/2024,887,4,5,4,2,5,2,2,3,4,3
05/10/2024,888,3,2,2,2,2,3,3,2,4,4
05/10/2024,889,4,2,4,4,3,4,3,4,4,3
05/10/2024,890,2,2,5,3,3,2,4,4,4,2
05/10/2024,891,5,4,2,4,5,4,4,5,3,4
05/10/2024,892,5,3,3,4,3,1,3,4,2,4
05/10/2024,893,1,3,3,2,3,4,2,5,3,3
05/10/2024,894,2,4,2,5,2,1,3,4,2,2
05/10/2024,895,1,4,3,2,4,2,4,5,3,3
05/10/2024,896,2,2,3,3,4,2,4,3,4,2
05/10/2024,897,3,2,5,2,5,5,2,3,3,3
05/10/2024,898,3,4,3,5,4,2,3,2,3,3
05/10/2024,899,3,3,2,3,4,1,3,2,4,2
05/10/2024,900,3,3,4,3,2,2,3,4,3,4
05/10/2024,901,4,5,2,4,3,3,2,4,3,2
05/10/2024,902,4,4,2,5,3,2,4,1,3,3
05/10/2024,903,3,3,3,4,2,3,2,4,3,2
05/10/2024,904,3,3,4,3,1,2,3,3,3,3
05/10/2024,905,3,5,2,5,3,3,2,3,3,2
05/10/2024,906,3,4,4,3,2,5,2,3,3,2
05/10/2024,907,3,3,3,2,4,2,5,3,4,2
05/10/2024,908,3,3,1,4,4,4,1,4,2,2
05/10/2024,909,3,4,2,2,3,2,3,5,3,5
05/10/2024,910,2,4,4,4,3,3,1,4,5,4
05/10/2024,911,1,3,2,3,3,1,3,2,4,2
05/10/2024,912,3,2,5,2,1,1,1,3,2,3
05/10/2024,913,1,3,2,4,2,4,4,2,3,4
05/10/2024,914,5,3,3,3,1,4,4,3,3,3
05/10/2024,915,4,4,3,3,5,4,4,5,4,5
05/10/2024,916,4,1,3,3,4,2,3,3,4,3
05/10/2024,917,4,3,3,4,3,5,3,3,4,2
05/10/2024,918,3,4,2,5,3,4,1,2,2,3
05/10/2024,919,4,3,4,3,4,2,4,5,2,5
05/10/2024,920,1,3,2,2,3,3,4,2,3,4
05/10/2024,921,5,3,4,2,2,2,4,3,2,3
05/10/2024,922,3,2,2,3,1,5,4,3,3,2
05/10/2024,923,3,4,4,2,2,3,4,3,3,3
05/10/2024,924,3,3,4,2,4,4,4,4,3,2
05/10/2024,925,3,3,3,4,3,1,5,2,3,3
05/10/2024,926,2,2,2,5,2,3,2,2,4,3
05/10/2024,927,4,2,3,5,2,4,2,5,3,4
05/10/2024,928,2,1,5,3,4,4,3,2,4,3
05/10/2024,929,2,2,2,3,3,3,3,4,2,2
05/10/2024,930,5,3,5,3,3,3,3,4,3,3
05/10/2024,931,2,4,1,4,5,5,2,4,3,3
05/10/2024,932,3,2,4,3,3,2,3,1,4,2
05/10/2024,933,4,3,4,3,3,2,4,3,2,3
05/10/2024,934,4,2,3,3,3,4,3,2,4,4
05/10/2024,935,3,3,3,1,1,3,5,3,4,3
05/10/2024,936,5,2,1,2,4,3,5,4,2,4
05/10/2024,937,3,3,3,3,3,3,4,2,1,3
05/10/2024,938,2,2,3,3,2,4,4,3,4,4
05/10/2024,939,3,2,2,3,4,3,1,3,2,3
05/10/2024,940,5,3,3,4,2,3,2,3,1,3
05/10/2024,941,4,5,3,4,3,5,4,2,4,2
05/10/2024,942,4,1,2,4,3,4,3,3,3,4
05/10/2024,943,3,4,3,3,3,3,1,3,3,3
05/10/2024,944,3,2,1,4,3,3,3,2,4,3
05/10/2024,945,5,5,4,2,3,3,2,2,3,4
05/10/2024,946,3,2,4,2,4,4,3,5,2,3
05/10/2024,947,4,3,1,1,2,4,3,4,3,3
05/10/2024,948,3,4,4,5,3,4,3,4,1,3
05/10/2024,949,2,3,3,4,2,3,2,2,4,4
05/10/2024,950,2,5,2,2,3,5,4,3,4,3
05/10/2024,951,4,3,4,2,5,2,5,5,2,5
05/10/2024,952,2,4,4,3,1,3,4,3,3,3
05/10/2024,953,2,2,1,5,1,3,2,4,2,1
05/10/2024,954,4,1,3,3,3,2,4,3,4,3
05/10/2024,955,3,3,3,3,3,3,4,3,1,2
05/10/2024,956,1,2,2,3,4,4,3,3,3,4
05/10/2024,957,2,2,2,2,4,3,3,2,3,2
05/10/2024,958,2,1,2,3,4,5,5,3,3,2
05/10/2024,959,4,3,4,2,2,2,3,2,5,4
05/10/2024,960,3,4,1,4,3,4,4,4,4,4
05/10/2024,961,4,5,4,2,4,3,2,2,2,3
05/10/2024,962,2,2,2,3,2,5,3,4,1,3
05/10/2024,963,2,2,4,3,3,3,3,4,4,3
05/10/2024,964,3,4,4,3,3,3,3,4,4,4
05/10/2024,965,2,5,3,2,2,4,3,2,2,2
05/10/2024,966,2,3,1,3,3,4,3,4,3,5
05/10/2024,967,2,2,3,4,4,3,2,2,3,1
05/10/2024,968,3,2,2,4,2,3,4,2,3,2
05/10/2024,969,2,3,2,3,3,1,5,3,5,4
05/10/2024,970,3,3,2,4,3,4,3,3,1,3
05/10/2024,971,4,3,4,4,3,2,4,3,4,3
05/10/2024,972,2,4,2,2,3,3,3,1,1,2
05/10/2024,973,1,3,3,4,3,3,2,3,3,4
05/10/2024,974,1,1,3,4,3,4,3,4,5,3
05/10/2024,975,4,1,4,4,3,3,3,3,2,3
05/10/2024,976,3,1,4,3,2,3,2,3,5,4
05/10/2024,977,4,3,4,2,4,1,5,3,4,2
05/10/2024,978,3,3,3,2,2,4,3,3,3,3
05/10/2024,979,3,3,3,4,3,2,3,3,2,3
05/10/2024,980,4,3,4,3,3,2,2,2,4,4
05/10/2024,981,1,3,2,3,4,3,5,5,4,4
05/10/2024,982,3,4,3,4,5,2,2,4,5,3
05/10/2024,983,2,2,5,3,2,2,4,3,4,3
05/10/2024,984,2,4,3,3,4,4,2,4,4,3
05/10/2024,985,3,3,3,5,5,5,3,1,1,3
05/10/2024,986,4,3,3,3,4,3,4,3,1,3
05/10/2024,987,3,2,3,2,5,3,3,3,3,3
05/10/2024,988,3,2,4,3,5,3,3,3,3,4
05/10/2024,989,2,4,2,3,1,1,2,2,2,4
05/10/2024,990,3,2,2,3,4,4,4,4,2,4
05/10/2024,991,2,3,2,2,4,3,2,1,3,3
05/10/2024,992,2,3,3,3,3,2,2,2,2,3
05/10/2024,993,2,2,3,3,3,4,3,3,2,3
05/10/2024,994,3,2,2,4,3,4,2,2,3,3
05/10/2024,995,4,2,4,3,2,3,3,3,4,5
05/10/2024,996,3,4,4,3,5,2,3,1,3,2
05/10/2024,997,3,3,4,2,2,3,3,2,2,4
05/10/2024,998,2,4,3,4,5,4,2,1,1,2
05/10/2024,999,2,4,3,4,2,3,3,2,2,4
05/10/2024,1000,3,4,4,3,1,2,1,3,3,2